waterhole,shannon_index,species_richness,evenness,visits
1no.Fireline,1.011404265,3,0.920619836,6
Chattai,1.098612289,3,1,3
Gandheli,1.889159164,7,0.970835763,9
Gotheri,0.693147181,2,1,2
Khairi-1,1.560710409,5,0.9697239,6
Panimuhan,0,1,NA,1
