S.No.,waterhole,area_m2,waterlevel_m,distance_road_m,distance_water_m,distance_settlement_m,shannon_index,species_richness,evenness,visits
1,1no.Fireline,1043,0.61,4274.6,5266.62,13404.51,1.011404265,3,0.920619836,6
2,Chattai,312,0.61,2300,4009.39,12118.27,1.098612289,3,1,3
3,Gandheli,62,0.15,1317.3,2204.52,3029.77,1.889159164,7,0.970835763,9
8,Gotheri,905,0.37,775.7,2680.43,3580.23,0.693147181,2,1,2
5,Khairi-1,544,0.46,1913.1,290.07,7234.5,1.560710409,5,0.9697239,6
7,Panimuhan,24,0.46,4646.4,5782.84,5704.13,0,1,NA,1
